MarketHour,KCPL,DayOfWeek,Timestamp,temperature_f,weather_code
2015-01-01 07:00:00,2024.031667,Thursday,1420095600,18.942799,1
2015-01-01 08:00:00,1994.646167,Thursday,1420099200,19.0328,1
2015-01-01 09:00:00,1976.253083,Thursday,1420102800,19.122799,1
2015-01-01 10:00:00,1961.418333,Thursday,1420106400,19.2128,1
2015-01-01 11:00:00,1965.44325,Thursday,1420110000,19.4828,1
2015-01-01 12:00:00,2004.64425,Thursday,1420113600,19.4828,1
2015-01-01 13:00:00,2042.558,Thursday,1420117200,19.6628,1
2015-01-01 14:00:00,2051.0815,Thursday,1420120800,19.9328,0
2015-01-01 15:00:00,2033.29025,Thursday,1420124400,22.0028,0
2015-01-01 16:00:00,2041.120417,Thursday,1420128000,25.3328,1
2015-01-01 17:00:00,2002.190167,Thursday,1420131600,28.3928,1
2015-01-01 18:00:00,1976.567833,Thursday,1420135200,30.9128,1
2015-01-01 19:00:00,1946.020917,Thursday,1420138800,31.9928,1
2015-01-01 20:00:00,1922.3065,Thursday,1420142400,33.1628,1
2015-01-01 21:00:00,1903.512167,Thursday,1420146000,33.6128,1
2015-01-01 22:00:00,1926.05,Thursday,1420149600,32.9828,1
2015-01-01 23:00:00,1986.015167,Thursday,1420153200,31.0028,1
2015-01-02 00:00:00,2129.975583,Friday,1420156800,29.1128,2
2015-01-02 01:00:00,2144.1575,Friday,1420160400,29.3828,2
2015-01-02 02:00:00,2115.598917,Friday,1420164000,28.9328,1
2015-01-02 03:00:00,2074.346417,Friday,1420167600,27.7628,1
2015-01-02 04:00:00,2005.669,Friday,1420171200,27.222801,2
2015-01-02 05:00:00,1907.306083,Friday,1420174800,26.6828,2
2015-01-02 06:00:00,1809.95025,Friday,1420178400,26.5928,3
2015-01-02 07:00:00,1737.73875,Friday,1420182000,26.8628,3
2015-01-02 08:00:00,1694.097,Friday,1420185600,27.4928,3
2015-01-02 09:00:00,1676.03725,Friday,1420189200,27.942799,3
2015-01-02 10:00:00,1676.985083,Friday,1420192800,27.942799,3
2015-01-02 11:00:00,1710.497917,Friday,1420196400,28.8428,3
2015-01-02 12:00:00,1802.315333,Friday,1420200000,29.2928,3
2015-01-02 13:00:00,1923.744917,Friday,1420203600,29.9228,3
2015-01-02 14:00:00,2011.952583,Friday,1420207200,30.1028,3
2015-01-02 15:00:00,2025.500917,Friday,1420210800,31.0028,2
2015-01-02 16:00:00,2042.388333,Friday,1420214400,31.8128,3
2015-01-02 17:00:00,2036.474833,Friday,1420218000,33.2528,2
2015-01-02 18:00:00,2011.319417,Friday,1420221600,34.9628,2
2015-01-02 19:00:00,1982.25975,Friday,1420225200,36.4028,2
2015-01-02 20:00:00,1978.806833,Friday,1420228800,37.2128,3
2015-01-02 21:00:00,1976.459167,Friday,1420232400,37.1228,3
2015-01-02 22:00:00,1985.706583,Friday,1420236000,36.492798,3
2015-01-02 23:00:00,2033.121833,Friday,1420239600,34.8728,3
2015-01-03 00:00:00,2152.555,Saturday,1420243200,33.9728,3
2015-01-03 01:00:00,2126.149917,Saturday,1420246800,33.6128,3
2015-01-03 02:00:00,2073.964167,Saturday,1420250400,33.4328,3
2015-01-03 03:00:00,2025.44975,Saturday,1420254000,33.3428,3
2015-01-03 04:00:00,1957.119667,Saturday,1420257600,33.4328,3
2015-01-03 05:00:00,1861.60225,Saturday,1420261200,33.2528,3
2015-01-03 06:00:00,1757.317333,Saturday,1420264800,33.0728,3
2015-01-03 07:00:00,1686.135833,Saturday,1420268400,32.2628,51
2015-01-03 08:00:00,1637.675,Saturday,1420272000,31.5428,53
2015-01-03 09:00:00,1613.436583,Saturday,1420275600,31.1828,51
2015-01-03 10:00:00,1608.859,Saturday,1420279200,31.6328,51
2015-01-03 11:00:00,1624.3,Saturday,1420282800,31.2728,51
2015-01-03 12:00:00,1669.04375,Saturday,1420286400,31.3628,53
2015-01-03 13:00:00,1735.12775,Saturday,1420290000,31.5428,71
2015-01-03 14:00:00,1811.7825,Saturday,1420293600,31.4528,71
2015-01-03 15:00:00,1841.01125,Saturday,1420297200,31.9028,51
2015-01-03 16:00:00,1895.16725,Saturday,1420300800,32.8928,51
2015-01-03 17:00:00,1913.816833,Saturday,1420304400,33.1628,71
2015-01-03 18:00:00,1897.999417,Saturday,1420308000,33.7928,3
2015-01-03 19:00:00,1870.81475,Saturday,1420311600,36.0428,3
2015-01-03 20:00:00,1835.540917,Saturday,1420315200,36.6728,3
2015-01-03 21:00:00,1806.10275,Saturday,1420318800,36.9428,3
2015-01-03 22:00:00,1800.128,Saturday,1420322400,37.0328,3
2015-01-03 23:00:00,1845.316667,Saturday,1420326000,36.3128,3
2015-01-04 00:00:00,1993.067833,Sunday,1420329600,34.8728,71
2015-01-04 01:00:00,2004.955,Sunday,1420333200,32.8928,73
2015-01-04 02:00:00,1978.338833,Sunday,1420336800,31.9028,73
2015-01-04 03:00:00,1957.48225,Sunday,1420340400,31.8128,73
2015-01-04 04:00:00,1921.920083,Sunday,1420344000,31.7228,73
2015-01-04 05:00:00,1876.873667,Sunday,1420347600,29.2928,71
2015-01-04 06:00:00,1834.235667,Sunday,1420351200,24.792799,73
2015-01-04 07:00:00,1834.21325,Sunday,1420354800,20.0228,71
2015-01-04 08:00:00,1841.762667,Sunday,1420358400,17.5928,3
2015-01-04 09:00:00,1853.467167,Sunday,1420362000,16.512798,3
2015-01-04 10:00:00,1883.914417,Sunday,1420365600,15.972799,71
2015-01-04 11:00:00,1925.711917,Sunday,1420369200,15.1628,71
2015-01-04 12:00:00,1982.671833,Sunday,1420372800,14.082798,71
2015-01-04 13:00:00,2059.043833,Sunday,1420376400,12.9128,3
2015-01-04 14:00:00,2138.852583,Sunday,1420380000,11.832798,3
2015-01-04 15:00:00,2180.935583,Sunday,1420383600,12.012798,2
2015-01-04 16:00:00,2183.124833,Sunday,1420387200,13.362799,0
2015-01-04 17:00:00,2183.078417,Sunday,1420390800,14.9828,0
2015-01-04 18:00:00,2182.596167,Sunday,1420394400,16.6928,0
2015-01-04 19:00:00,2172.182583,Sunday,1420398000,16.242802,0
2015-01-04 20:00:00,2137.561083,Sunday,1420401600,17.3228,0
2015-01-04 21:00:00,2100.082833,Sunday,1420405200,17.9528,0
2015-01-04 22:00:00,2101.001917,Sunday,1420408800,17.5928,0
2015-01-04 23:00:00,2152.4695,Sunday,1420412400,16.332798,0
2015-01-05 00:00:00,2361.247917,Monday,1420416000,14.9828,0
2015-01-05 01:00:00,2442.3665,Monday,1420419600,14.082798,0
2015-01-05 02:00:00,2433.393583,Monday,1420423200,13.452801,0
2015-01-05 03:00:00,2397.38275,Monday,1420426800,12.9128,0
2015-01-05 04:00:00,2332.303417,Monday,1420430400,12.552799,0
2015-01-05 05:00:00,2224.125333,Monday,1420434000,12.1928005,0
2015-01-05 06:00:00,2131.063333,Monday,1420437600,12.012798,0
2015-01-05 07:00:00,2081.693083,Monday,1420441200,10.212799,1
2015-01-05 08:00:00,2057.034333,Monday,1420444800,10.212799,1
2015-01-05 09:00:00,2048.103833,Monday,1420448400,10.212799,0
2015-01-05 10:00:00,2055.07225,Monday,1420452000,9.9428005,0
2015-01-05 11:00:00,2101.016833,Monday,1420455600,9.8528,0
2015-01-05 12:00:00,2219.192083,Monday,1420459200,9.762798,0
2015-01-05 13:00:00,2415.901667,Monday,1420462800,9.6728,0
2015-01-05 14:00:00,2534.257833,Monday,1420466400,9.6728,2
2015-01-05 15:00:00,2486.480917,Monday,1420470000,10.8428,2
2015-01-05 16:00:00,2437.997333,Monday,1420473600,13.2728,1
2015-01-05 17:00:00,2403.566833,Monday,1420477200,16.512798,1
2015-01-05 18:00:00,2384.231667,Monday,1420480800,19.5728,1
2015-01-05 19:00:00,2368.012333,Monday,1420484400,20.5628,2
2015-01-05 20:00:00,2346.49975,Monday,1420488000,22.3628,2
2015-01-05 21:00:00,2337.569333,Monday,1420491600,23.622799,3
2015-01-05 22:00:00,2342.18775,Monday,1420495200,24.4328,3
2015-01-05 23:00:00,2379.183,Monday,1420498800,25.1528,2
2015-01-06 00:00:00,2510.640583,Tuesday,1420502400,25.4228,1
2015-01-06 01:00:00,2492.11275,Tuesday,1420506000,25.2428,1
2015-01-06 02:00:00,2393.763083,Tuesday,1420509600,25.5128,1
2015-01-06 03:00:00,2312.611,Tuesday,1420513200,25.9628,1
2015-01-06 04:00:00,2261.3965,Tuesday,1420516800,26.7728,1
2015-01-06 05:00:00,2111.998167,Tuesday,1420520400,27.3128,1
2015-01-06 06:00:00,1965.83525,Tuesday,1420524000,27.4928,1
2015-01-06 07:00:00,1888.972,Tuesday,1420527600,27.3128,1
2015-01-06 08:00:00,1859.92725,Tuesday,1420531200,27.5828,1
2015-01-06 09:00:00,1858.719167,Tuesday,1420534800,26.2328,2
2015-01-06 10:00:00,1878.928,Tuesday,1420538400,23.622799,3
2015-01-06 11:00:00,1941.87725,Tuesday,1420542000,21.4628,3
2015-01-06 12:00:00,2078.282,Tuesday,1420545600,19.4828,3
2015-01-06 13:00:00,2290.228167,Tuesday,1420549200,18.132801,3
2015-01-06 14:00:00,2417.582917,Tuesday,1420552800,16.9628,3
2015-01-06 15:00:00,2385.020917,Tuesday,1420556400,16.6928,3
2015-01-06 16:00:00,2333.452417,Tuesday,1420560000,17.6828,3
2015-01-06 17:00:00,2291.944083,Tuesday,1420563600,19.3028,3
2015-01-06 18:00:00,2251.80125,Tuesday,1420567200,21.1028,1
2015-01-06 19:00:00,2229.190667,Tuesday,1420570800,21.4628,1
2015-01-06 20:00:00,2183.058,Tuesday,1420574400,22.542799,1
2015-01-06 21:00:00,2140.392667,Tuesday,1420578000,23.0828,1
2015-01-06 22:00:00,2137.38675,Tuesday,1420581600,23.1728,1
2015-01-06 23:00:00,2177.189667,Tuesday,1420585200,22.632801,1
2015-01-07 00:00:00,2342.424833,Wednesday,1420588800,22.0028,1
2015-01-07 01:00:00,2399.146,Wednesday,1420592400,21.4628,2
2015-01-07 02:00:00,2374.917583,Wednesday,1420596000,21.1028,3
2015-01-07 03:00:00,2341.79075,Wednesday,1420599600,21.4628,3
2015-01-07 04:00:00,2266.87325,Wednesday,1420603200,21.5528,3
2015-01-07 05:00:00,2155.044917,Wednesday,1420606800,21.192799,71
2015-01-07 06:00:00,2063.958667,Wednesday,1420610400,20.6528,71
2015-01-07 07:00:00,2016.2805,Wednesday,1420614000,18.5828,3
2015-01-07 08:00:00,2017.70025,Wednesday,1420617600,16.0628,3
2015-01-07 09:00:00,2028.486167,Wednesday,1420621200,13.542801,3
2015-01-07 10:00:00,2058.773333,Wednesday,1420624800,11.472799,3
2015-01-07 11:00:00,2130.896833,Wednesday,1420628400,9.8528,3
2015-01-07 12:00:00,2260.053583,Wednesday,1420632000,8.2328,3
2015-01-07 13:00:00,2479.637917,Wednesday,1420635600,6.5228004,3
2015-01-07 14:00:00,2630.598,Wednesday,1420639200,5.0828,3
2015-01-07 15:00:00,2626.917583,Wednesday,1420642800,4.3627987,3
2015-01-07 16:00:00,2629.74475,Wednesday,1420646400,4.9028015,3
2015-01-07 17:00:00,2595.372667,Wednesday,1420650000,5.8928013,2
2015-01-07 18:00:00,2569.052417,Wednesday,1420653600,6.9727993,0
2015-01-07 19:00:00,2547.700167,Wednesday,1420657200,9.312799,0
2015-01-07 20:00:00,2510.496,Wednesday,1420660800,9.762798,0
2015-01-07 21:00:00,2462.846583,Wednesday,1420664400,9.9428005,0
2015-01-07 22:00:00,2440.387667,Wednesday,1420668000,9.4028,0
2015-01-07 23:00:00,2490.512667,Wednesday,1420671600,8.2328,0
2015-01-08 00:00:00,2682.88075,Thursday,1420675200,7.332798,0
2015-01-08 01:00:00,2755.482167,Thursday,1420678800,6.882799,0
2015-01-08 02:00:00,2735.708,Thursday,1420682400,6.4327984,0
2015-01-08 03:00:00,2695.528,Thursday,1420686000,5.9827995,0
2015-01-08 04:00:00,2602.682667,Thursday,1420689600,5.3528023,0
2015-01-08 05:00:00,2459.740417,Thursday,1420693200,4.9028015,0
2015-01-08 06:00:00,2360.04175,Thursday,1420696800,4.9928017,0
2015-01-08 07:00:00,2309.273917,Thursday,1420700400,4.002802,1
2015-01-08 08:00:00,2294.154333,Thursday,1420704000,4.3627987,1
2015-01-08 09:00:00,2301.091,Thursday,1420707600,4.7227993,1
2015-01-08 10:00:00,2323.898,Thursday,1420711200,5.0828,1
2015-01-08 11:00:00,2360.060667,Thursday,1420714800,5.3528023,0
2015-01-08 12:00:00,2461.474167,Thursday,1420718400,5.8928013,0
2015-01-08 13:00:00,2635.954167,Thursday,1420722000,6.792801,1
2015-01-08 14:00:00,2737.1295,Thursday,1420725600,8.052799,3
2015-01-08 15:00:00,2685.973417,Thursday,1420729200,11.0228,3
2015-01-08 16:00:00,2679.491417,Thursday,1420732800,14.622799,3
2015-01-08 17:00:00,2676.949583,Thursday,1420736400,18.042799,3
2015-01-08 18:00:00,2631.90175,Thursday,1420740000,21.4628,3
2015-01-08 19:00:00,2564.637,Thursday,1420743600,24.0728,2
2015-01-08 20:00:00,2446.519333,Thursday,1420747200,27.4928,0
2015-01-08 21:00:00,2354.41475,Thursday,1420750800,30.4628,0
2015-01-08 22:00:00,2324.247417,Thursday,1420754400,31.6328,1
2015-01-08 23:00:00,2354.285333,Thursday,1420758000,30.7328,2
2015-01-09 00:00:00,2472.876333,Friday,1420761600,29.8328,3
2015-01-09 01:00:00,2463.503167,Friday,1420765200,30.4628,2
2015-01-09 02:00:00,2404.139833,Friday,1420768800,30.1028,2
2015-01-09 03:00:00,2361.286333,Friday,1420772400,27.3128,3
2015-01-09 04:00:00,2292.05175,Friday,1420776000,24.1628,3
2015-01-09 05:00:00,2183.764,Friday,1420779600,21.7328,1
2015-01-09 06:00:00,2093.045833,Friday,1420783200,19.9328,0
2015-01-09 07:00:00,2054.522917,Friday,1420786800,17.4128,1
2015-01-09 08:00:00,2056.214667,Friday,1420790400,16.6928,2
2015-01-09 09:00:00,2066.755917,Friday,1420794000,16.1528,3
2015-01-09 10:00:00,2093.441917,Friday,1420797600,15.3428,1
2015-01-09 11:00:00,2134.516,Friday,1420801200,13.992802,0
2015-01-09 12:00:00,2241.696583,Friday,1420804800,12.552799,0
2015-01-09 13:00:00,2448.212667,Friday,1420808400,11.382799,0
2015-01-09 14:00:00,2563.468917,Friday,1420812000,10.8428,0
2015-01-09 15:00:00,2501.561167,Friday,1420815600,11.9228,1
2015-01-09 16:00:00,2458.888333,Friday,1420819200,13.9028,0
2015-01-09 17:00:00,2430.853833,Friday,1420822800,15.702801,0
2015-01-09 18:00:00,2372.537167,Friday,1420826400,17.6828,0
2015-01-09 19:00:00,2317.450417,Friday,1420830000,18.762798,0
2015-01-09 20:00:00,2275.078917,Friday,1420833600,20.0228,0
2015-01-09 21:00:00,2220.610417,Friday,1420837200,20.7428,0
2015-01-09 22:00:00,2191.072083,Friday,1420840800,20.8328,0
2015-01-09 23:00:00,2219.377333,Friday,1420844400,19.9328,0
2015-01-10 00:00:00,2375.207583,Saturday,1420848000,18.5828,0
2015-01-10 01:00:00,2425.143333,Saturday,1420851600,17.4128,0
2015-01-10 02:00:00,2402.273833,Saturday,1420855200,15.972799,0
2015-01-10 03:00:00,2376.288583,Saturday,1420858800,14.802799,0
2015-01-10 04:00:00,2335.315167,Saturday,1420862400,13.9028,0
2015-01-10 05:00:00,2256.644417,Saturday,1420866000,13.2728,0
2015-01-10 06:00:00,2169.393417,Saturday,1420869600,12.9128,0
2015-01-10 07:00:00,2101.5355,Saturday,1420873200,13.0928,0
2015-01-10 08:00:00,2074.25875,Saturday,1420876800,13.0928,0
2015-01-10 09:00:00,2065.59175,Saturday,1420880400,13.182798,0
2015-01-10 10:00:00,2074.85625,Saturday,1420884000,13.362799,0
2015-01-10 11:00:00,2093.851417,Saturday,1420887600,13.632799,0
2015-01-10 12:00:00,2134.270833,Saturday,1420891200,13.992802,0
2015-01-10 13:00:00,2202.5315,Saturday,1420894800,14.3528,0
2015-01-10 14:00:00,2254.318417,Saturday,1420898400,14.9828,0
2015-01-10 15:00:00,2251.637583,Saturday,1420902000,18.2228,0
2015-01-10 16:00:00,2236.4205,Saturday,1420905600,22.632801,0
2015-01-10 17:00:00,2195.115583,Saturday,1420909200,26.5928,0
2015-01-10 18:00:00,2153.3565,Saturday,1420912800,30.1028,0
2015-01-10 19:00:00,2090.604167,Saturday,1420916400,33.3428,0
2015-01-10 20:00:00,2022.1265,Saturday,1420920000,35.1428,0
2015-01-10 21:00:00,1961.629667,Saturday,1420923600,35.8628,0
2015-01-10 22:00:00,1933.613417,Saturday,1420927200,35.4128,0
2015-01-10 23:00:00,1968.729417,Saturday,1420930800,33.1628,0
2015-01-11 00:00:00,2120.415833,Sunday,1420934400,31.1828,0
2015-01-11 01:00:00,2188.5135,Sunday,1420938000,30.1928,0
2015-01-11 02:00:00,2168.6105,Sunday,1420941600,29.4728,0
2015-01-11 03:00:00,2147.439417,Sunday,1420945200,28.9328,0
2015-01-11 04:00:00,2077.500583,Sunday,1420948800,28.4828,0
2015-01-11 05:00:00,1996.776583,Sunday,1420952400,28.1228,0
2015-01-11 06:00:00,1907.199833,Sunday,1420956000,27.7628,0
2015-01-11 07:00:00,1843.699417,Sunday,1420959600,27.852798,0
2015-01-11 08:00:00,1806.152333,Sunday,1420963200,27.6728,0
2015-01-11 09:00:00,1762.983833,Sunday,1420966800,27.5828,0
2015-01-11 10:00:00,1761.215,Sunday,1420970400,27.4928,1
2015-01-11 11:00:00,1771.206083,Sunday,1420974000,27.5828,1
2015-01-11 12:00:00,1802.31,Sunday,1420977600,27.7628,2
2015-01-11 13:00:00,1858.565167,Sunday,1420981200,27.852798,1
2015-01-11 14:00:00,1889.091833,Sunday,1420984800,27.852798,1
2015-01-11 15:00:00,1906.988833,Sunday,1420988400,29.6528,2
2015-01-11 16:00:00,1949.734333,Sunday,1420992000,32.1728,2
2015-01-11 17:00:00,1973.69675,Sunday,1420995600,34.3328,71
2015-01-11 18:00:00,1972.021667,Sunday,1420999200,34.2428,51
2015-01-11 19:00:00,1970.284833,Sunday,1421002800,36.492798,2
2015-01-11 20:00:00,1946.878083,Sunday,1421006400,36.1328,53
2015-01-11 21:00:00,1939.941083,Sunday,1421010000,36.1328,51
2015-01-11 22:00:00,1973.459833,Sunday,1421013600,35.7728,3
2015-01-11 23:00:00,2011.072,Sunday,1421017200,34.3328,51
2015-01-12 00:00:00,2132.360583,Monday,1421020800,33.2528,51
2015-01-12 01:00:00,2135.157,Monday,1421024400,32.5328,53
2015-01-12 02:00:00,2098.889083,Monday,1421028000,33.5228,53
2015-01-12 03:00:00,2050.562667,Monday,1421031600,32.7128,73
2015-01-12 04:00:00,1969.840083,Monday,1421035200,31.0028,73
2015-01-12 05:00:00,1855.911583,Monday,1421038800,30.4628,71
2015-01-12 06:00:00,1754.576083,Monday,1421042400,30.8228,71
2015-01-12 07:00:00,1707.465333,Monday,1421046000,31.2728,73
2015-01-12 08:00:00,1685.524833,Monday,1421049600,31.1828,73
2015-01-12 09:00:00,1683.39375,Monday,1421053200,29.7428,73
2015-01-12 10:00:00,1718.00575,Monday,1421056800,27.132801,71
2015-01-12 11:00:00,1795.912833,Monday,1421060400,23.8928,3
2015-01-12 12:00:00,1939.674417,Monday,1421064000,21.5528,1
2015-01-12 13:00:00,2156.294917,Monday,1421067600,20.0228,0
2015-01-12 14:00:00,2287.435917,Monday,1421071200,19.3028,0
2015-01-12 15:00:00,2268.224167,Monday,1421074800,20.0228,0
2015-01-12 16:00:00,2224.1305,Monday,1421078400,21.6428,0
2015-01-12 17:00:00,2201.889917,Monday,1421082000,23.7128,0
2015-01-12 18:00:00,2186.820917,Monday,1421085600,25.602798,0
2015-01-12 19:00:00,2167.109,Monday,1421089200,26.3228,0
2015-01-12 20:00:00,2141.388833,Monday,1421092800,27.132801,0
2015-01-12 21:00:00,2110.11675,Monday,1421096400,27.132801,0
2015-01-12 22:00:00,2101.366333,Monday,1421100000,26.3228,0
2015-01-12 23:00:00,2139.527667,Monday,1421103600,24.792799,0
2015-01-13 00:00:00,2306.579167,Tuesday,1421107200,22.9928,0
2015-01-13 01:00:00,2391.73675,Tuesday,1421110800,21.5528,1
2015-01-13 02:00:00,2378.8805,Tuesday,1421114400,19.9328,1
2015-01-13 03:00:00,2363.520667,Tuesday,1421118000,18.2228,1
2015-01-13 04:00:00,2307.03325,Tuesday,1421121600,16.6928,1
2015-01-13 05:00:00,2200.999333,Tuesday,1421125200,15.5228,1
2015-01-13 06:00:00,2107.788083,Tuesday,1421128800,14.622799,1
2015-01-13 07:00:00,2062.087167,Tuesday,1421132400,13.722799,0
2015-01-13 08:00:00,2052.753917,Tuesday,1421136000,12.9128,0
2015-01-13 09:00:00,2055.478167,Tuesday,1421139600,12.1028,0
2015-01-13 10:00:00,2077.544333,Tuesday,1421143200,11.382799,0
2015-01-13 11:00:00,2135.198167,Tuesday,1421146800,10.7528,0
2015-01-13 12:00:00,2255.55,Tuesday,1421150400,10.302799,0
2015-01-13 13:00:00,2466.48475,Tuesday,1421154000,9.9428005,0
2015-01-13 14:00:00,2597.334833,Tuesday,1421157600,9.8528,0
2015-01-13 15:00:00,2538.995333,Tuesday,1421161200,11.382799,0
2015-01-13 16:00:00,2454.113,Tuesday,1421164800,14.262798,0
2015-01-13 17:00:00,2382.007,Tuesday,1421168400,17.6828,0
2015-01-13 18:00:00,2312.96025,Tuesday,1421172000,20.7428,0
2015-01-13 19:00:00,2253.395583,Tuesday,1421175600,23.2628,0
2015-01-13 20:00:00,2216.101833,Tuesday,1421179200,25.1528,0
2015-01-13 21:00:00,2182.4095,Tuesday,1421182800,26.0528,0
2015-01-13 22:00:00,2144.800167,Tuesday,1421186400,25.9628,0
2015-01-13 23:00:00,2186.7685,Tuesday,1421190000,25.0628,0
2015-01-14 00:00:00,2343.368833,Wednesday,1421193600,23.8928,1
2015-01-14 01:00:00,2387.538333,Wednesday,1421197200,22.4528,1
2015-01-14 02:00:00,2353.206333,Wednesday,1421200800,21.8228,2
2015-01-14 03:00:00,2304.445167,Wednesday,1421204400,21.1028,2
2015-01-14 04:00:00,2224.998917,Wednesday,1421208000,20.6528,2
2015-01-14 05:00:00,2093.796667,Wednesday,1421211600,20.382801,1
2015-01-14 06:00:00,1975.000167,Wednesday,1421215200,20.9228,2
2015-01-14 07:00:00,1912.8605,Wednesday,1421218800,21.2828,1
2015-01-14 08:00:00,1870.76675,Wednesday,1421222400,20.9228,2
2015-01-14 09:00:00,1842.37875,Wednesday,1421226000,21.0128,2
2015-01-14 10:00:00,1851.504833,Wednesday,1421229600,21.0128,1
2015-01-14 11:00:00,1896.051,Wednesday,1421233200,20.6528,1
2015-01-14 12:00:00,2007.205917,Wednesday,1421236800,22.0028,2
2015-01-14 13:00:00,2203.07775,Wednesday,1421240400,22.9928,2
2015-01-14 14:00:00,2325.92475,Wednesday,1421244000,23.7128,2
2015-01-14 15:00:00,2283.921917,Wednesday,1421247600,25.2428,2
2015-01-14 16:00:00,2261.31675,Wednesday,1421251200,27.852798,2
2015-01-14 17:00:00,2237.756417,Wednesday,1421254800,30.2828,1
2015-01-14 18:00:00,2194.232667,Wednesday,1421258400,32.4428,1
2015-01-14 19:00:00,2143.112167,Wednesday,1421262000,35.3228,0
2015-01-14 20:00:00,2088.4025,Wednesday,1421265600,36.6728,0
2015-01-14 21:00:00,2043.959917,Wednesday,1421269200,37.1228,0
2015-01-14 22:00:00,2007.95275,Wednesday,1421272800,36.6728,0
2015-01-14 23:00:00,2025.395917,Wednesday,1421276400,33.9728,0
2015-01-15 00:00:00,2179.478417,Thursday,1421280000,30.5528,0
2015-01-15 01:00:00,2256.712,Thursday,1421283600,28.0328,0
2015-01-15 02:00:00,2241.93275,Thursday,1421287200,25.602798,0
2015-01-15 03:00:00,2207.404833,Thursday,1421290800,24.0728,0
2015-01-15 04:00:00,2129.472583,Thursday,1421294400,23.2628,0
2015-01-15 05:00:00,1980.037917,Thursday,1421298000,22.8128,0
2015-01-15 06:00:00,1872.713583,Thursday,1421301600,22.542799,0
2015-01-15 07:00:00,1823.440917,Thursday,1421305200,22.542799,0
2015-01-15 08:00:00,1806.501167,Thursday,1421308800,22.632801,0
2015-01-15 09:00:00,1819.642833,Thursday,1421312400,22.632801,0
2015-01-15 10:00:00,1842.860667,Thursday,1421316000,22.8128,0
2015-01-15 11:00:00,1896.504333,Thursday,1421319600,22.9028,0
2015-01-15 12:00:00,2023.236,Thursday,1421323200,22.8128,0
2015-01-15 13:00:00,2225.926583,Thursday,1421326800,22.7228,0
2015-01-15 14:00:00,2329.46125,Thursday,1421330400,22.8128,0
2015-01-15 15:00:00,2250.67375,Thursday,1421334000,26.8628,0
2015-01-15 16:00:00,2159.9985,Thursday,1421337600,32.9828,0
2015-01-15 17:00:00,2083.09925,Thursday,1421341200,37.8428,0
2015-01-15 18:00:00,2014.16975,Thursday,1421344800,41.262802,0
2015-01-15 19:00:00,1966.05475,Thursday,1421348400,44.2328,0
2015-01-15 20:00:00,1921.82125,Thursday,1421352000,45.2228,0
2015-01-15 21:00:00,1867.966083,Thursday,1421355600,45.4028,0
2015-01-15 22:00:00,1841.241167,Thursday,1421359200,43.9628,0
2015-01-15 23:00:00,1841.176167,Thursday,1421362800,39.7328,0
2015-01-16 00:00:00,1964.633417,Friday,1421366400,35.7728,0
2015-01-16 01:00:00,2059.344167,Friday,1421370000,33.7028,0
2015-01-16 02:00:00,2044.743417,Friday,1421373600,31.9928,0
2015-01-16 03:00:00,2019.574667,Friday,1421377200,30.2828,0
2015-01-16 04:00:00,1954.893333,Friday,1421380800,28.8428,0
2015-01-16 05:00:00,1840.56225,Friday,1421384400,27.4928,0
2015-01-16 06:00:00,1737.771083,Friday,1421388000,26.9528,0
2015-01-16 07:00:00,1689.44225,Friday,1421391600,27.3128,0
2015-01-16 08:00:00,1672.174417,Friday,1421395200,27.4028,0
2015-01-16 09:00:00,1675.908667,Friday,1421398800,27.6728,0
2015-01-16 10:00:00,1705.621417,Friday,1421402400,26.4128,0
2015-01-16 11:00:00,1765.195727,Friday,1421406000,25.4228,0
2015-01-16 12:00:00,1893.773,Friday,1421409600,25.872799,0
2015-01-16 13:00:00,2108.870167,Friday,1421413200,26.6828,0
2015-01-16 14:00:00,2211.228833,Friday,1421416800,27.852798,0
2015-01-16 15:00:00,2136.7225,Friday,1421420400,32.9828,0
2015-01-16 16:00:00,2049.85575,Friday,1421424000,39.9128,0
2015-01-16 17:00:00,1984.894667,Friday,1421427600,45.0428,0
2015-01-16 18:00:00,1922.317833,Friday,1421431200,49.0928,0
2015-01-16 19:00:00,1882.804333,Friday,1421434800,52.4228,0
2015-01-16 20:00:00,1845.427083,Friday,1421438400,54.312798,0
2015-01-16 21:00:00,1805.7755,Friday,1421442000,54.7628,0
2015-01-16 22:00:00,1772.7685,Friday,1421445600,53.4128,0
2015-01-16 23:00:00,1767.590917,Friday,1421449200,49.9928,0
2015-01-17 00:00:00,1867.071333,Saturday,1421452800,46.4828,0
2015-01-17 01:00:00,1906.728,Saturday,1421456400,44.4128,0
2015-01-17 02:00:00,1881.083167,Saturday,1421460000,43.242798,1
2015-01-17 03:00:00,1848.950083,Saturday,1421463600,42.4328,1
2015-01-17 04:00:00,1801.65225,Saturday,1421467200,42.0728,1
2015-01-17 05:00:00,1715.775333,Saturday,1421470800,41.8028,1
2015-01-17 06:00:00,1633.096333,Saturday,1421474400,41.262802,1
2015-01-17 07:00:00,1550.194083,Saturday,1421478000,42.8828,1
2015-01-17 08:00:00,1544.470917,Saturday,1421481600,42.0728,1
2015-01-17 09:00:00,1530.42625,Saturday,1421485200,41.1728,1
2015-01-17 10:00:00,1532.520917,Saturday,1421488800,40.3628,0
2015-01-17 11:00:00,1544.8975,Saturday,1421492400,39.7328,0
2015-01-17 12:00:00,1594.1915,Saturday,1421496000,39.1028,0
2015-01-17 13:00:00,1681.124,Saturday,1421499600,38.2928,1
2015-01-17 14:00:00,1742.1595,Saturday,1421503200,37.6628,1
2015-01-17 15:00:00,1768.571083,Saturday,1421506800,39.1928,1
2015-01-17 16:00:00,1815.754583,Saturday,1421510400,41.5328,2
2015-01-17 17:00:00,1825.279833,Saturday,1421514000,44.2328,1
2015-01-17 18:00:00,1787.19825,Saturday,1421517600,47.832798,2
2015-01-17 19:00:00,1750.6355,Saturday,1421521200,51.1628,3
2015-01-17 20:00:00,1708.02525,Saturday,1421524800,51.9728,2
2015-01-17 21:00:00,1677.188917,Saturday,1421528400,52.332798,0
2015-01-17 22:00:00,1650.563667,Saturday,1421532000,51.3428,0
2015-01-17 23:00:00,1665.578917,Saturday,1421535600,48.6428,0
2015-01-18 00:00:00,1796.308417,Sunday,1421539200,45.9428,0
2015-01-18 01:00:00,1875.997833,Sunday,1421542800,44.1428,0
2015-01-18 02:00:00,1852.966417,Sunday,1421546400,41.9828,0
2015-01-18 03:00:00,1826.11725,Sunday,1421550000,39.2828,0
2015-01-18 04:00:00,1784.6965,Sunday,1421553600,37.1228,0
2015-01-18 05:00:00,1719.090917,Sunday,1421557200,35.8628,0
2015-01-18 06:00:00,1648.35125,Sunday,1421560800,35.3228,0
2015-01-18 07:00:00,1598.427167,Sunday,1421564400,35.8628,0
2015-01-18 08:00:00,1567.71725,Sunday,1421568000,35.5928,0
2015-01-18 09:00:00,1553.333,Sunday,1421571600,35.2328,0
2015-01-18 10:00:00,1560.762083,Sunday,1421575200,35.1428,0
2015-01-18 11:00:00,1583.425833,Sunday,1421578800,34.8728,0
2015-01-18 12:00:00,1621.93125,Sunday,1421582400,34.1528,0
2015-01-18 13:00:00,1681.2635,Sunday,1421586000,33.4328,0
2015-01-18 14:00:00,1720.452583,Sunday,1421589600,32.6228,0
2015-01-18 15:00:00,1731.55,Sunday,1421593200,35.5028,0
2015-01-18 16:00:00,1716.123333,Sunday,1421596800,40.5428,0
2015-01-18 17:00:00,1678.646167,Sunday,1421600400,44.8628,0
2015-01-18 18:00:00,1643.322917,Sunday,1421604000,48.2828,0
2015-01-18 19:00:00,1613.136,Sunday,1421607600,51.2528,0
2015-01-18 20:00:00,1576.592583,Sunday,1421611200,52.9628,0
2015-01-18 21:00:00,1556.538083,Sunday,1421614800,53.6828,0
2015-01-18 22:00:00,1552.15075,Sunday,1421618400,52.5128,1
2015-01-18 23:00:00,1580.993333,Sunday,1421622000,49.2728,1
2015-01-19 00:00:00,1707.857917,Monday,1421625600,49.0928,0
2015-01-19 01:00:00,1808.783083,Monday,1421629200,45.0428,0
2015-01-19 02:00:00,1802.97875,Monday,1421632800,36.492798,0
2015-01-19 03:00:00,1783.68475,Monday,1421636400,33.8828,0
2015-01-19 04:00:00,1741.515833,Monday,1421640000,32.5328,0
2015-01-19 05:00:00,1663.126083,Monday,1421643600,31.4528,0
2015-01-19 06:00:00,1588.009917,Monday,1421647200,30.4628,0
2015-01-19 07:00:00,1550.540917,Monday,1421650800,34.7828,0
2015-01-19 08:00:00,1533.350667,Monday,1421654400,34.1528,0
2015-01-19 09:00:00,1537.962083,Monday,1421658000,32.9828,0
2015-01-19 10:00:00,1561.833333,Monday,1421661600,28.9328,0
2015-01-19 11:00:00,1615.26825,Monday,1421665200,28.2128,0
2015-01-19 12:00:00,1715.253333,Monday,1421668800,29.0228,0
2015-01-19 13:00:00,1868.7725,Monday,1421672400,31.9928,0
2015-01-19 14:00:00,1959.284167,Monday,1421676000,29.2028,0
2015-01-19 15:00:00,1943.34625,Monday,1421679600,33.7928,0
2015-01-19 16:00:00,1907.413917,Monday,1421683200,41.262802,0
2015-01-19 17:00:00,1876.746917,Monday,1421686800,47.1128,0
2015-01-19 18:00:00,1835.521,Monday,1421690400,51.5228,0
2015-01-19 19:00:00,1789.843083,Monday,1421694000,55.7528,0
2015-01-19 20:00:00,1746.842083,Monday,1421697600,57.4628,0
2015-01-19 21:00:00,1716.312917,Monday,1421701200,57.9128,1
2015-01-19 22:00:00,1711.657917,Monday,1421704800,55.9328,1
2015-01-19 23:00:00,1708.272083,Monday,1421708400,51.7928,0
2015-01-20 00:00:00,1823.717917,Tuesday,1421712000,47.1128,0
2015-01-20 01:00:00,1902.348917,Tuesday,1421715600,43.512802,0
2015-01-20 02:00:00,1879.118833,Tuesday,1421719200,40.812798,0
2015-01-20 03:00:00,1840.221333,Tuesday,1421722800,38.6528,0
2015-01-20 04:00:00,1763.532417,Tuesday,1421726400,36.492798,0
2015-01-20 05:00:00,1650.765583,Tuesday,1421730000,34.2428,0
2015-01-20 06:00:00,1551.80175,Tuesday,1421733600,32.0828,1
2015-01-20 07:00:00,1507.980833,Tuesday,1421737200,31.4528,1
2015-01-20 08:00:00,1491.186417,Tuesday,1421740800,31.0928,1
2015-01-20 09:00:00,1491.081667,Tuesday,1421744400,31.9928,1
2015-01-20 10:00:00,1520.034667,Tuesday,1421748000,32.8028,1
2015-01-20 11:00:00,1577.921583,Tuesday,1421751600,33.6128,1
2015-01-20 12:00:00,1705.404667,Tuesday,1421755200,34.7828,2
2015-01-20 13:00:00,1909.796,Tuesday,1421758800,34.8728,3
2015-01-20 14:00:00,2021.727917,Tuesday,1421762400,35.5028,3
2015-01-20 15:00:00,1983.609417,Tuesday,1421766000,37.4828,3
2015-01-20 16:00:00,1990.590417,Tuesday,1421769600,40.0028,3
2015-01-20 17:00:00,1985.958417,Tuesday,1421773200,42.2528,3
2015-01-20 18:00:00,1963.348167,Tuesday,1421776800,43.8728,3
2015-01-20 19:00:00,1927.516583,Tuesday,1421780400,45.9428,2
2015-01-20 20:00:00,1866.39275,Tuesday,1421784000,47.562798,3
2015-01-20 21:00:00,1830.123667,Tuesday,1421787600,48.192802,2
2015-01-20 22:00:00,1817.944417,Tuesday,1421791200,47.0228,2
2015-01-20 23:00:00,1803.624333,Tuesday,1421794800,44.5028,1
2015-01-21 00:00:00,1921.184917,Wednesday,1421798400,40.4528,0
2015-01-21 01:00:00,2016.9055,Wednesday,1421802000,37.9328,0
2015-01-21 02:00:00,2002.759,Wednesday,1421805600,35.9528,0
2015-01-21 03:00:00,1973.432167,Wednesday,1421809200,34.2428,0
2015-01-21 04:00:00,1885.676833,Wednesday,1421812800,33.0728,0
2015-01-21 05:00:00,1765.635833,Wednesday,1421816400,32.3528,0
2015-01-21 06:00:00,1659.06375,Wednesday,1421820000,32.0828,0
2015-01-21 07:00:00,1604.314,Wednesday,1421823600,32.4428,0
2015-01-21 08:00:00,1590.351333,Wednesday,1421827200,32.1728,0
2015-01-21 09:00:00,1596.93025,Wednesday,1421830800,31.4528,0
2015-01-21 10:00:00,1616.03625,Wednesday,1421834400,30.5528,0
2015-01-21 11:00:00,1676.10925,Wednesday,1421838000,30.1028,0
2015-01-21 12:00:00,1803.268583,Wednesday,1421841600,30.1928,0
2015-01-21 13:00:00,2015.2755,Wednesday,1421845200,30.1928,0
2015-01-21 14:00:00,2122.614083,Wednesday,1421848800,30.1028,0
2015-01-21 15:00:00,2043.313917,Wednesday,1421852400,33.4328,0
2015-01-21 16:00:00,1975.457917,Wednesday,1421856000,37.9328,0
2015-01-21 17:00:00,1926.954833,Wednesday,1421859600,40.7228,0
2015-01-21 18:00:00,1889.361583,Wednesday,1421863200,42.3428,0
2015-01-21 19:00:00,1859.864583,Wednesday,1421866800,45.492798,0
2015-01-21 20:00:00,1834.314417,Wednesday,1421870400,46.4828,1
2015-01-21 21:00:00,1798.683833,Wednesday,1421874000,46.7528,2
2015-01-21 22:00:00,1770.20125,Wednesday,1421877600,46.2128,1
2015-01-21 23:00:00,1791.003583,Wednesday,1421881200,43.4228,0
2015-01-22 00:00:00,1926.666917,Thursday,1421884800,39.3728,1
2015-01-22 01:00:00,2013.64225,Thursday,1421888400,35.9528,1
2015-01-22 02:00:00,2010.25675,Thursday,1421892000,33.1628,2
2015-01-22 03:00:00,1987.148583,Thursday,1421895600,31.7228,2
2015-01-22 04:00:00,1920.208583,Thursday,1421899200,30.5528,3
2015-01-22 05:00:00,1801.70875,Thursday,1421902800,29.9228,3
2015-01-22 06:00:00,1694.247833,Thursday,1421906400,28.8428,2
2015-01-22 07:00:00,1641.828083,Thursday,1421910000,28.5728,1
2015-01-22 08:00:00,1619.93025,Thursday,1421913600,28.4828,0
2015-01-22 09:00:00,1617.535333,Thursday,1421917200,27.942799,1
2015-01-22 10:00:00,1631.205667,Thursday,1421920800,27.222801,2
2015-01-22 11:00:00,1677.199167,Thursday,1421924400,26.5028,2
2015-01-22 12:00:00,1795.439083,Thursday,1421928000,27.3128,2
2015-01-22 13:00:00,1994.739917,Thursday,1421931600,27.4928,2
2015-01-22 14:00:00,2101.395917,Thursday,1421935200,27.4028,2
2015-01-22 15:00:00,2065.821333,Thursday,1421938800,30.2828,1
2015-01-22 16:00:00,2044.502583,Thursday,1421942400,32.7128,1
2015-01-22 17:00:00,2009.496667,Thursday,1421946000,34.9628,0
2015-01-22 18:00:00,1971.947417,Thursday,1421949600,37.0328,1
2015-01-22 19:00:00,1959.6775,Thursday,1421953200,37.0328,2
2015-01-22 20:00:00,1942.217583,Thursday,1421956800,37.3028,1
2015-01-22 21:00:00,1917.62375,Thursday,1421960400,37.0328,2
2015-01-22 22:00:00,1933.585833,Thursday,1421964000,36.3128,3
2015-01-22 23:00:00,1967.624833,Thursday,1421967600,35.2328,3
2015-01-23 00:00:00,2079.046167,Friday,1421971200,34.1528,3
2015-01-23 01:00:00,2126.59925,Friday,1421974800,32.2628,3
2015-01-23 02:00:00,2102.4645,Friday,1421978400,31.5428,2
2015-01-23 03:00:00,2069.0405,Friday,1421982000,32.5328,3
2015-01-23 04:00:00,2000.71975,Friday,1421985600,32.1728,2
2015-01-23 05:00:00,1880.30275,Friday,1421989200,32.0828,2
2015-01-23 06:00:00,1779.155583,Friday,1421992800,31.8128,2
2015-01-23 07:00:00,1732.073667,Friday,1421996400,29.0228,2
2015-01-23 08:00:00,1720.197167,Friday,1422000000,29.0228,2
2015-01-23 09:00:00,1722.321833,Friday,1422003600,28.2128,2
2015-01-23 10:00:00,1746.627,Friday,1422007200,27.5828,2
2015-01-23 11:00:00,1805.431583,Friday,1422010800,27.5828,1
2015-01-23 12:00:00,1939.30375,Friday,1422014400,27.222801,1
2015-01-23 13:00:00,2150.326167,Friday,1422018000,26.1428,0
2015-01-23 14:00:00,2258.2975,Friday,1422021600,25.5128,0
2015-01-23 15:00:00,2183.659083,Friday,1422025200,29.9228,0
2015-01-23 16:00:00,2104.582167,Friday,1422028800,33.7028,0
2015-01-23 17:00:00,2044.220917,Friday,1422032400,36.6728,0
2015-01-23 18:00:00,1979.832917,Friday,1422036000,39.0128,0
2015-01-23 19:00:00,1919.35275,Friday,1422039600,40.992798,0
2015-01-23 20:00:00,1874.819833,Friday,1422043200,42.4328,0
2015-01-23 21:00:00,1830.114917,Friday,1422046800,43.1528,0
2015-01-23 22:00:00,1801.71675,Friday,1422050400,42.7028,0
2015-01-23 23:00:00,1840.058083,Friday,1422054000,39.4628,2
2015-01-24 00:00:00,1956.624333,Saturday,1422057600,36.5828,3
2015-01-24 01:00:00,2015.391583,Saturday,1422061200,35.7728,3
2015-01-24 02:00:00,1987.439583,Saturday,1422064800,34.9628,3
2015-01-24 03:00:00,1949.987083,Saturday,1422068400,34.4228,2
2015-01-24 04:00:00,1882.3085,Saturday,1422072000,34.2428,0
2015-01-24 05:00:00,1782.479167,Saturday,1422075600,32.8928,0
2015-01-24 06:00:00,1693.683167,Saturday,1422079200,31.6328,0
2015-01-24 07:00:00,1638.344167,Saturday,1422082800,31.2728,0
2015-01-24 08:00:00,1611.896167,Saturday,1422086400,30.9128,0
2015-01-24 09:00:00,1601.77675,Saturday,1422090000,30.4628,0
2015-01-24 10:00:00,1605.867167,Saturday,1422093600,30.1928,0
2015-01-24 11:00:00,1627.283917,Saturday,1422097200,30.0128,0
2015-01-24 12:00:00,1685.545583,Saturday,1422100800,29.8328,0
2015-01-24 13:00:00,1772.691667,Saturday,1422104400,29.7428,0
2015-01-24 14:00:00,1839.728,Saturday,1422108000,30.1928,0
2015-01-24 15:00:00,1842.84,Saturday,1422111600,33.9728,0
2015-01-24 16:00:00,1816.39825,Saturday,1422115200,39.0128,0
2015-01-24 17:00:00,1776.206583,Saturday,1422118800,43.1528,0
2015-01-24 18:00:00,1731.09775,Saturday,1422122400,46.5728,0
2015-01-24 19:00:00,1681.550333,Saturday,1422126000,50.6228,1
2015-01-24 20:00:00,1629.678083,Saturday,1422129600,52.6028,1
2015-01-24 21:00:00,1605.637083,Saturday,1422133200,53.7728,1
2015-01-24 22:00:00,1599.929,Saturday,1422136800,52.5128,2
2015-01-24 23:00:00,1606.891333,Saturday,1422140400,50.8028,3
2015-01-25 00:00:00,1718.93725,Sunday,1422144000,47.832798,1
2015-01-25 01:00:00,1784.82475,Sunday,1422147600,45.8528,1
2015-01-25 02:00:00,1755.208833,Sunday,1422151200,45.6728,2
2015-01-25 03:00:00,1723.31925,Sunday,1422154800,46.1228,3
2015-01-25 04:00:00,1679.061583,Sunday,1422158400,45.2228,51
2015-01-25 05:00:00,1602.9495,Sunday,1422162000,43.242798,53
2015-01-25 06:00:00,1519.5485,Sunday,1422165600,42.8828,51
2015-01-25 07:00:00,1464.384,Sunday,1422169200,42.5228,53
2015-01-25 08:00:00,1430.432417,Sunday,1422172800,42.7928,53
2015-01-25 09:00:00,1407.271167,Sunday,1422176400,43.7828,53
2015-01-25 10:00:00,1408.516417,Sunday,1422180000,44.0528,53
2015-01-25 11:00:00,1429.914,Sunday,1422183600,43.3328,51
2015-01-25 12:00:00,1475.031833,Sunday,1422187200,41.8928,51
2015-01-25 13:00:00,1536.397583,Sunday,1422190800,40.0928,51
2015-01-25 14:00:00,1617.880917,Sunday,1422194400,38.4728,51
2015-01-25 15:00:00,1692.770917,Sunday,1422198000,37.5728,51
2015-01-25 16:00:00,1766.199333,Sunday,1422201600,37.3028,51
2015-01-25 17:00:00,1808.196667,Sunday,1422205200,38.2028,3
2015-01-25 18:00:00,1840.695083,Sunday,1422208800,39.4628,3
2015-01-25 19:00:00,1868.609,Sunday,1422212400,39.6428,51
2015-01-25 20:00:00,1869.499833,Sunday,1422216000,40.2728,3
2015-01-25 21:00:00,1868.823833,Sunday,1422219600,40.7228,3
2015-01-25 22:00:00,1891.401583,Sunday,1422223200,40.5428,3
2015-01-25 23:00:00,1922.113583,Sunday,1422226800,40.1828,3
2015-01-26 00:00:00,2018.5005,Monday,1422230400,39.6428,3
2015-01-26 01:00:00,2048.191083,Monday,1422234000,39.1928,3
2015-01-26 02:00:00,2007.356417,Monday,1422237600,38.4728,3
2015-01-26 03:00:00,1949.327417,Monday,1422241200,37.5728,3
2015-01-26 04:00:00,1878.240333,Monday,1422244800,36.2228,2
2015-01-26 05:00:00,1768.056083,Monday,1422248400,34.8728,2
2015-01-26 06:00:00,1679.372167,Monday,1422252000,33.2528,1
2015-01-26 07:00:00,1648.7005,Monday,1422255600,32.6228,2
2015-01-26 08:00:00,1637.388833,Monday,1422259200,30.1028,2
2015-01-26 09:00:00,1643.716167,Monday,1422262800,29.0228,1
2015-01-26 10:00:00,1672.70775,Monday,1422266400,29.2928,1
2015-01-26 11:00:00,1735.537167,Monday,1422270000,29.4728,0
2015-01-26 12:00:00,1878.290917,Monday,1422273600,29.6528,0
2015-01-26 13:00:00,2096.5045,Monday,1422277200,30.1928,0
2015-01-26 14:00:00,2195.173833,Monday,1422280800,31.4528,0
2015-01-26 15:00:00,2116.216917,Monday,1422284400,34.9628,0
2015-01-26 16:00:00,2032.314167,Monday,1422288000,39.4628,0
2015-01-26 17:00:00,1980.523417,Monday,1422291600,43.4228,0
2015-01-26 18:00:00,1935.347167,Monday,1422295200,47.562798,0
2015-01-26 19:00:00,1889.753833,Monday,1422298800,51.5228,0
2015-01-26 20:00:00,1846.638167,Monday,1422302400,54.582798,0
2015-01-26 21:00:00,1817.12025,Monday,1422306000,56.382797,0
2015-01-26 22:00:00,1784.2605,Monday,1422309600,56.2928,0
2015-01-26 23:00:00,1773.76925,Monday,1422313200,53.8628,0
2015-01-27 00:00:00,1838.24425,Tuesday,1422316800,49.632797,0
2015-01-27 01:00:00,1932.2515,Tuesday,1422320400,47.0228,0
2015-01-27 02:00:00,1911.395917,Tuesday,1422324000,44.9528,0
2015-01-27 03:00:00,1866.679,Tuesday,1422327600,43.062798,0
2015-01-27 04:00:00,1805.5835,Tuesday,1422331200,41.262802,0
2015-01-27 05:00:00,1696.309833,Tuesday,1422334800,39.9128,0
2015-01-27 06:00:00,1590.69925,Tuesday,1422338400,38.742798,0
2015-01-27 07:00:00,1533.521083,Tuesday,1422342000,37.8428,0
2015-01-27 08:00:00,1498.172167,Tuesday,1422345600,36.492798,0
2015-01-27 09:00:00,1486.715167,Tuesday,1422349200,35.1428,0
2015-01-27 10:00:00,1505.091583,Tuesday,1422352800,33.7028,0
2015-01-27 11:00:00,1563.513917,Tuesday,1422356400,32.2628,0
2015-01-27 12:00:00,1692.758167,Tuesday,1422360000,31.4528,0
2015-01-27 13:00:00,1904.301583,Tuesday,1422363600,30.5528,0
2015-01-27 14:00:00,1999.630833,Tuesday,1422367200,30.4628,0
2015-01-27 15:00:00,1937.17025,Tuesday,1422370800,35.3228,0
2015-01-27 16:00:00,1866.522333,Tuesday,1422374400,40.6328,0
2015-01-27 17:00:00,1832.023917,Tuesday,1422378000,43.8728,0
2015-01-27 18:00:00,1797.666167,Tuesday,1422381600,46.3928,0
2015-01-27 19:00:00,1768.520083,Tuesday,1422385200,49.632797,0
2015-01-27 20:00:00,1745.770667,Tuesday,1422388800,51.3428,0
2015-01-27 21:00:00,1704.03925,Tuesday,1422392400,52.2428,0
2015-01-27 22:00:00,1712.8635,Tuesday,1422396000,51.9728,0
2015-01-27 23:00:00,1715.171667,Tuesday,1422399600,49.632797,0
2015-01-28 00:00:00,1802.827167,Wednesday,1422403200,45.9428,0
2015-01-28 01:00:00,1914.055417,Wednesday,1422406800,43.6028,0
2015-01-28 02:00:00,1903.6175,Wednesday,1422410400,41.8928,0
2015-01-28 03:00:00,1873.171417,Wednesday,1422414000,40.7228,0
2015-01-28 04:00:00,1793.150167,Wednesday,1422417600,40.0028,0
2015-01-28 05:00:00,1674.267583,Wednesday,1422421200,39.4628,0
2015-01-28 06:00:00,1566.189,Wednesday,1422424800,39.1928,0
2015-01-28 07:00:00,1511.592,Wednesday,1422428400,39.9128,0
2015-01-28 08:00:00,1488.519417,Wednesday,1422432000,39.8228,0
2015-01-28 09:00:00,1480.873,Wednesday,1422435600,39.6428,0
2015-01-28 10:00:00,1491.851083,Wednesday,1422439200,39.4628,0
2015-01-28 11:00:00,1539.856833,Wednesday,1422442800,39.3728,0
2015-01-28 12:00:00,1671.45775,Wednesday,1422446400,39.2828,0
2015-01-28 13:00:00,1875.121917,Wednesday,1422450000,39.2828,0
2015-01-28 14:00:00,1971.62075,Wednesday,1422453600,39.9128,0
2015-01-28 15:00:00,1897.869167,Wednesday,1422457200,44.1428,0
2015-01-28 16:00:00,1838.4835,Wednesday,1422460800,50.2628,0
2015-01-28 17:00:00,1811.960667,Wednesday,1422464400,55.5728,1
2015-01-28 18:00:00,1787.771167,Wednesday,1422468000,59.802803,1
2015-01-28 19:00:00,1773.705083,Wednesday,1422471600,64.302795,1
2015-01-28 20:00:00,1752.998083,Wednesday,1422475200,66.1028,1
2015-01-28 21:00:00,1726.866667,Wednesday,1422478800,66.4628,1
2015-01-28 22:00:00,1707.983,Wednesday,1422482400,65.922806,1
2015-01-28 23:00:00,1704.707583,Wednesday,1422486000,64.302795,1
2015-01-29 00:00:00,1762.660667,Thursday,1422489600,61.9628,0
2015-01-29 01:00:00,1851.393583,Thursday,1422493200,60.1628,0
2015-01-29 02:00:00,1825.066,Thursday,1422496800,58.0028,1
2015-01-29 03:00:00,1780.632167,Thursday,1422500400,55.7528,0
2015-01-29 04:00:00,1695.357083,Thursday,1422504000,53.6828,0
2015-01-29 05:00:00,1554.864083,Thursday,1422507600,53.3228,0
2015-01-29 06:00:00,1437.957833,Thursday,1422511200,51.882797,0
2015-01-29 07:00:00,1383.259167,Thursday,1422514800,48.7328,0
2015-01-29 08:00:00,1365.874,Thursday,1422518400,46.1228,0
2015-01-29 09:00:00,1355.629,Thursday,1422522000,43.8728,2
2015-01-29 10:00:00,1361.235583,Thursday,1422525600,42.7028,3
2015-01-29 11:00:00,1426.446917,Thursday,1422529200,41.7128,3
2015-01-29 12:00:00,1576.02225,Thursday,1422532800,40.0028,3
2015-01-29 13:00:00,1824.2915,Thursday,1422536400,39.1028,3
2015-01-29 14:00:00,1981.048167,Thursday,1422540000,38.6528,3
2015-01-29 15:00:00,1984.355167,Thursday,1422543600,38.8328,3
2015-01-29 16:00:00,1988.968333,Thursday,1422547200,39.1928,3
2015-01-29 17:00:00,2000.3355,Thursday,1422550800,40.1828,3
2015-01-29 18:00:00,1989.321167,Thursday,1422554400,41.262802,2
2015-01-29 19:00:00,1978.29225,Thursday,1422558000,41.8028,2
2015-01-29 20:00:00,1974.38075,Thursday,1422561600,42.0728,2
2015-01-29 21:00:00,1940.83725,Thursday,1422565200,42.7928,1
2015-01-29 22:00:00,1909.050917,Thursday,1422568800,43.062798,3
2015-01-29 23:00:00,1917.577833,Thursday,1422572400,41.9828,2
2015-01-30 00:00:00,2003.684667,Friday,1422576000,39.8228,2
2015-01-30 01:00:00,2096.96125,Friday,1422579600,38.1128,1
2015-01-30 02:00:00,2072.072833,Friday,1422583200,36.5828,0
2015-01-30 03:00:00,2034.7125,Friday,1422586800,35.2328,0
2015-01-30 04:00:00,1950.0925,Friday,1422590400,33.9728,0
2015-01-30 05:00:00,1831.869833,Friday,1422594000,32.7128,0
2015-01-30 06:00:00,1726.923417,Friday,1422597600,31.5428,0
2015-01-30 07:00:00,1671.388917,Friday,1422601200,28.5728,0
2015-01-30 08:00:00,1657.75425,Friday,1422604800,27.0428,0
2015-01-30 09:00:00,1651.869417,Friday,1422608400,25.692799,0
2015-01-30 10:00:00,1686.33125,Friday,1422612000,24.882801,0
2015-01-30 11:00:00,1746.42275,Friday,1422615600,23.9828,0
2015-01-30 12:00:00,1880.198083,Friday,1422619200,23.3528,0
2015-01-30 13:00:00,2090.00725,Friday,1422622800,23.0828,0
2015-01-30 14:00:00,2181.236667,Friday,1422626400,22.7228,1
2015-01-30 15:00:00,2123.526333,Friday,1422630000,26.5928,1
2015-01-30 16:00:00,2070.654583,Friday,1422633600,28.6628,1
2015-01-30 17:00:00,2012.348,Friday,1422637200,31.1828,1
2015-01-30 18:00:00,1973.74525,Friday,1422640800,33.7028,1
2015-01-30 19:00:00,1910.45275,Friday,1422644400,35.1428,1
2015-01-30 20:00:00,1874.067167,Friday,1422648000,36.5828,1
2015-01-30 21:00:00,1830.79225,Friday,1422651600,37.3028,1
2015-01-30 22:00:00,1815.109417,Friday,1422655200,37.1228,1
2015-01-30 23:00:00,1856.03525,Friday,1422658800,35.4128,1
2015-01-31 00:00:00,1959.643917,Saturday,1422662400,32.7128,1
2015-01-31 01:00:00,2028.93525,Saturday,1422666000,31.2728,2
2015-01-31 02:00:00,2001.23125,Saturday,1422669600,30.4628,2
2015-01-31 03:00:00,1963.080167,Saturday,1422673200,30.1028,3
2015-01-31 04:00:00,1908.23925,Saturday,1422676800,30.4628,3
2015-01-31 05:00:00,1806.207833,Saturday,1422680400,30.8228,3
2015-01-31 06:00:00,1704.8725,Saturday,1422684000,31.1828,3
2015-01-31 07:00:00,1632.761333,Saturday,1422687600,32.6228,3
2015-01-31 08:00:00,1589.249667,Saturday,1422691200,33.0728,3
2015-01-31 09:00:00,1563.116833,Saturday,1422694800,33.1628,3
2015-01-31 10:00:00,1554.291167,Saturday,1422698400,33.3428,51
2015-01-31 11:00:00,1570.701833,Saturday,1422702000,32.9828,53
2015-01-31 12:00:00,1615.213583,Saturday,1422705600,32.9828,53
2015-01-31 13:00:00,1691.927833,Saturday,1422709200,33.1628,53
2015-01-31 14:00:00,1771.800333,Saturday,1422712800,33.5228,53
2015-01-31 15:00:00,1845.048833,Saturday,1422716400,34.3328,53
2015-01-31 16:00:00,1900.146083,Saturday,1422720000,34.6028,71
2015-01-31 17:00:00,1936.617333,Saturday,1422723600,34.6028,73
2015-01-31 18:00:00,1938.030917,Saturday,1422727200,34.7828,71
2015-01-31 19:00:00,1919.635417,Saturday,1422730800,35.4128,71
2015-01-31 20:00:00,1890.99925,Saturday,1422734400,34.8728,71
2015-01-31 21:00:00,1874.339667,Saturday,1422738000,34.6028,71
2015-01-31 22:00:00,1867.629583,Saturday,1422741600,34.3328,71
2015-01-31 23:00:00,1890.090833,Saturday,1422745200,34.0628,73
2015-02-01 00:00:00,1977.779417,Sunday,1422748800,33.7928,73
2015-02-01 01:00:00,2003.816417,Sunday,1422752400,33.5228,73
2015-02-01 02:00:00,1967.602583,Sunday,1422756000,33.4328,73
2015-02-01 03:00:00,1931.887,Sunday,1422759600,33.2528,75
2015-02-01 04:00:00,1884.32875,Sunday,1422763200,33.1628,75
2015-02-01 05:00:00,1799.389583,Sunday,1422766800,32.9828,75
2015-02-01 06:00:00,1719.1655,Sunday,1422770400,32.8928,75
